card_id,customer_id,card_type,bank_name,card_network,issue_date,expiry_date,card_status
CARD000001,C000001,Credit,ICICI Bank,Visa,2023-12-06,2030-03-13,Blocked
CARD000002,C000002,Debit,Axis Bank,Visa,2026-09-23,2028-12-27,Expired
CARD000003,C000002,Credit,Kotak Mahindra Bank,Visa,2025-09-25,2030-11-29,Active
CARD000004,C000003,Credit,Kotak Mahindra Bank,Visa,2026-08-16,2028-08-01,Blocked
CARD000005,C000003,Credit,Axis Bank,Visa,2025-09-11,2032-01-02,Active
CARD000006,C000003,Debit,HDFC Bank,Visa,2026-05-11,2027-12-05,Active
CARD000007,C000004,Debit,HDFC Bank,Visa,2025-12-14,2031-06-11,Active
CARD000008,C000004,Credit,ICICI Bank,Visa,2026-03-21,2030-12-06,Blocked
CARD000009,C000005,Credit,Kotak Mahindra Bank,Visa,2026-06-04,2032-06-01,Active
CARD000010,C000005,Credit,HDFC Bank,Visa,2025-08-12,2031-02-11,Active
CARD000011,C000005,Debit,ICICI Bank,Visa,2024-07-07,2028-04-03,Active
CARD000012,C000006,Credit,State Bank of India,Visa,2024-03-22,2028-10-27,Active
CARD000013,C000007,Debit,Kotak Mahindra Bank,Visa,2025-05-13,2029-01-25,Expired
CARD000014,C000007,Debit,HDFC Bank,Visa,2024-03-04,2029-02-17,Expired
CARD000015,C000007,Credit,State Bank of India,Visa,2025-12-12,2031-12-25,Blocked
CARD000016,C000008,Credit,ICICI Bank,Visa,2024-04-24,2031-01-20,Active
CARD000017,C000008,Debit,State Bank of India,Visa,2026-04-22,2032-01-28,Active
CARD000018,C000008,Credit,State Bank of India,Visa,2024-12-03,2032-08-27,Expired
CARD000019,C000009,Debit,Kotak Mahindra Bank,Visa,2024-07-16,2030-12-21,Expired
CARD000020,C000010,Credit,Axis Bank,Visa,2024-01-14,2028-03-06,Expired
CARD000021,C000011,Credit,HDFC Bank,Visa,2026-03-25,2028-04-14,Blocked
CARD000022,C000011,Credit,Kotak Mahindra Bank,Visa,2024-07-23,2028-04-14,Active
CARD000023,C000012,Debit,HDFC Bank,Visa,2024-06-21,2030-04-14,Expired
CARD000024,C000012,Debit,Kotak Mahindra Bank,Visa,2024-12-08,2028-06-02,Blocked
CARD000025,C000013,Credit,Axis Bank,Visa,2025-12-27,2028-08-22,Expired
CARD000026,C000014,Debit,HDFC Bank,Visa,2026-04-02,2028-04-13,Active
CARD000027,C000015,Debit,HDFC Bank,Visa,2024-03-02,2031-08-28,Blocked
CARD000028,C000016,Credit,State Bank of India,Visa,2026-07-09,2030-08-01,Expired
CARD000029,C000017,Credit,Axis Bank,Visa,2025-03-03,2032-04-06,Active
CARD000030,C000017,Debit,HDFC Bank,Visa,2026-08-04,2031-07-01,Expired
CARD000031,C000018,Credit,ICICI Bank,Visa,2024-06-23,2028-11-02,Expired
CARD000032,C000019,Credit,State Bank of India,Visa,2024-02-09,2030-06-25,Expired
CARD000033,C000019,Credit,State Bank of India,Visa,2023-12-24,2030-01-17,Blocked
CARD000034,C000019,Credit,HDFC Bank,Visa,2025-05-01,2029-05-06,Active
CARD000035,C000020,Debit,ICICI Bank,Visa,2026-08-16,2028-05-12,Expired
CARD000036,C000020,Debit,ICICI Bank,Visa,2026-02-11,2028-09-23,Blocked
CARD000037,C000020,Debit,State Bank of India,Visa,2025-01-11,2031-12-22,Active
CARD000038,C000021,Credit,Axis Bank,Visa,2025-04-21,2031-06-16,Active
CARD000039,C000022,Credit,Kotak Mahindra Bank,Visa,2023-12-11,2031-10-15,Active
CARD000040,C000023,Debit,HDFC Bank,Visa,2025-07-13,2028-06-22,Expired
CARD000041,C000024,Debit,Kotak Mahindra Bank,Visa,2025-04-16,2028-11-05,Blocked
CARD000042,C000024,Credit,ICICI Bank,Visa,2026-07-05,2028-06-30,Active
CARD000043,C000024,Credit,Axis Bank,Visa,2026-08-05,2029-01-27,Active
CARD000044,C000025,Debit,HDFC Bank,Visa,2026-03-17,2030-05-19,Expired
CARD000045,C000026,Debit,Kotak Mahindra Bank,Visa,2024-03-25,2032-04-25,Expired
CARD000046,C000027,Debit,Axis Bank,Visa,2025-07-28,2031-07-14,Blocked
CARD000047,C000027,Debit,HDFC Bank,Visa,2026-04-07,2028-02-01,Active
CARD000048,C000028,Debit,State Bank of India,Visa,2024-05-22,2027-10-14,Blocked
CARD000049,C000028,Credit,Kotak Mahindra Bank,Visa,2024-03-20,2028-10-27,Active
CARD000050,C000029,Debit,ICICI Bank,Visa,2024-04-20,2027-11-28,Active
CARD000051,C000029,Debit,HDFC Bank,Visa,2025-03-15,2028-10-09,Active
CARD000052,C000029,Credit,Axis Bank,Visa,2026-01-11,2032-01-01,Expired
CARD000053,C000030,Debit,Axis Bank,Visa,2024-11-13,2031-08-24,Expired
CARD000054,C000030,Credit,ICICI Bank,Visa,2025-03-19,2031-01-17,Blocked
CARD000055,C000031,Debit,ICICI Bank,Visa,2024-02-20,2028-01-18,Blocked
CARD000056,C000032,Debit,State Bank of India,Visa,2024-02-29,2029-07-08,Expired
CARD000057,C000032,Credit,State Bank of India,Visa,2026-08-17,2031-03-17,Expired
CARD000058,C000032,Credit,Axis Bank,Visa,2024-08-04,2032-08-29,Blocked
CARD000059,C000033,Credit,Kotak Mahindra Bank,Visa,2025-06-25,2029-12-23,Expired
CARD000060,C000033,Credit,Axis Bank,Visa,2026-04-18,2032-10-01,Expired
CARD000061,C000033,Debit,ICICI Bank,Visa,2025-07-03,2030-07-20,Expired
CARD000062,C000034,Debit,Kotak Mahindra Bank,Visa,2025-06-17,2030-09-19,Expired
CARD000063,C000034,Debit,HDFC Bank,Visa,2023-12-27,2029-05-06,Expired
CARD000064,C000034,Debit,ICICI Bank,Visa,2026-01-20,2029-04-11,Active
CARD000065,C000035,Debit,State Bank of India,Visa,2024-07-25,2028-03-13,Active
CARD000066,C000036,Credit,Axis Bank,Visa,2026-08-13,2029-10-01,Blocked
CARD000067,C000036,Debit,State Bank of India,Visa,2025-01-15,2029-08-26,Blocked
CARD000068,C000037,Credit,Axis Bank,Visa,2025-03-27,2029-05-12,Active
CARD000069,C000037,Debit,State Bank of India,Visa,2024-09-08,2031-01-11,Blocked
CARD000070,C000038,Credit,HDFC Bank,Visa,2025-06-03,2029-09-04,Blocked
CARD000071,C000038,Credit,State Bank of India,Visa,2024-01-10,2031-08-30,Blocked
CARD000072,C000039,Debit,Axis Bank,Visa,2025-11-24,2028-04-14,Active
CARD000073,C000040,Credit,Axis Bank,Visa,2024-03-05,2027-12-30,Active
CARD000074,C000040,Credit,Kotak Mahindra Bank,Visa,2023-11-13,2032-05-28,Expired
CARD000075,C000041,Debit,State Bank of India,Visa,2026-05-17,2032-02-10,Active
CARD000076,C000042,Debit,ICICI Bank,Visa,2025-11-28,2032-01-24,Active
CARD000077,C000043,Debit,State Bank of India,Visa,2024-03-29,2032-09-08,Blocked
CARD000078,C000043,Credit,Kotak Mahindra Bank,Visa,2025-03-27,2030-01-02,Active
CARD000079,C000043,Credit,HDFC Bank,Visa,2024-09-13,2028-11-13,Expired
CARD000080,C000044,Credit,ICICI Bank,Visa,2025-09-04,2031-02-03,Active
CARD000081,C000044,Credit,State Bank of India,Visa,2024-06-04,2029-11-19,Expired
CARD000082,C000044,Credit,HDFC Bank,Visa,2023-10-17,2028-09-07,Active
CARD000083,C000045,Credit,HDFC Bank,Visa,2026-09-28,2029-08-19,Blocked
CARD000084,C000045,Credit,Axis Bank,Visa,2024-04-18,2032-07-31,Expired
CARD000085,C000045,Credit,Kotak Mahindra Bank,Visa,2026-05-31,2031-04-19,Expired
CARD000086,C000046,Debit,Axis Bank,Visa,2024-08-15,2030-12-20,Blocked
CARD000087,C000047,Credit,HDFC Bank,Visa,2025-07-29,2028-08-29,Expired
CARD000088,C000048,Debit,Axis Bank,Visa,2023-10-30,2029-05-09,Expired
CARD000089,C000048,Debit,Kotak Mahindra Bank,Visa,2025-05-14,2028-10-02,Blocked
CARD000090,C000048,Credit,ICICI Bank,Visa,2025-03-01,2030-06-04,Active
CARD000091,C000049,Debit,HDFC Bank,Visa,2024-11-16,2032-05-05,Blocked
CARD000092,C000049,Credit,HDFC Bank,Visa,2024-05-02,2032-05-13,Active
CARD000093,C000050,Credit,ICICI Bank,Visa,2026-03-20,2029-01-19,Active
CARD000094,C000050,Credit,ICICI Bank,Visa,2026-09-17,2029-10-29,Blocked
CARD000095,C000050,Debit,Axis Bank,Visa,2024-08-13,2029-10-10,Blocked
CARD000096,C000051,Debit,HDFC Bank,Visa,2023-12-15,2028-07-14,Active
CARD000097,C000052,Debit,Kotak Mahindra Bank,Visa,2024-11-27,2031-11-02,Active
CARD000098,C000053,Debit,Axis Bank,Visa,2026-09-28,2030-02-02,Active
CARD000099,C000054,Debit,State Bank of India,Visa,2026-07-09,2028-05-22,Active
CARD000100,C000055,Debit,State Bank of India,Visa,2025-10-25,2030-08-27,Blocked
CARD000101,C000056,Debit,ICICI Bank,Visa,2024-05-15,2030-06-27,Expired
CARD000102,C000056,Credit,Axis Bank,Visa,2024-09-18,2027-11-07,Expired
CARD000103,C000057,Credit,State Bank of India,Visa,2024-08-25,2031-10-21,Blocked
CARD000104,C000057,Credit,Kotak Mahindra Bank,Visa,2026-06-28,2029-01-16,Expired
CARD000105,C000058,Credit,Axis Bank,Visa,2024-12-25,2032-08-10,Expired
CARD000106,C000059,Debit,Kotak Mahindra Bank,Visa,2026-08-11,2031-07-18,Active
CARD000107,C000059,Credit,HDFC Bank,Visa,2025-01-14,2031-11-09,Expired
CARD000108,C000060,Debit,HDFC Bank,Visa,2025-08-27,2030-05-20,Blocked
CARD000109,C000061,Credit,HDFC Bank,Visa,2026-02-06,2031-11-27,Active
CARD000110,C000062,Credit,Kotak Mahindra Bank,Visa,2026-02-07,2031-05-28,Expired
CARD000111,C000063,Debit,Axis Bank,Visa,2025-08-11,2032-03-03,Active
CARD000112,C000063,Debit,State Bank of India,Visa,2026-03-19,2028-05-12,Blocked
CARD000113,C000064,Credit,HDFC Bank,Visa,2024-09-03,2029-01-27,Active
CARD000114,C000065,Debit,HDFC Bank,Visa,2026-05-06,2027-12-23,Blocked
CARD000115,C000066,Debit,ICICI Bank,Visa,2026-07-08,2028-09-07,Expired
CARD000116,C000067,Debit,Kotak Mahindra Bank,Visa,2026-06-24,2028-07-07,Expired
CARD000117,C000067,Credit,Kotak Mahindra Bank,Visa,2026-07-17,2029-09-24,Active
CARD000118,C000067,Credit,Kotak Mahindra Bank,Visa,2024-07-26,2029-06-11,Blocked
CARD000119,C000068,Credit,Axis Bank,Visa,2026-05-13,2032-02-27,Expired
CARD000120,C000068,Debit,Axis Bank,Visa,2024-01-09,2029-12-11,Expired
CARD000121,C000069,Debit,HDFC Bank,Visa,2024-06-27,2031-11-25,Expired
CARD000122,C000069,Debit,HDFC Bank,Visa,2025-09-24,2031-05-01,Active
CARD000123,C000069,Credit,State Bank of India,Visa,2025-01-11,2028-04-23,Blocked
CARD000124,C000070,Credit,HDFC Bank,Visa,2025-03-21,2031-08-31,Blocked
CARD000125,C000070,Credit,State Bank of India,Visa,2025-08-25,2030-01-12,Active
CARD000126,C000070,Debit,Axis Bank,Visa,2025-11-20,2028-12-12,Blocked
CARD000127,C000071,Credit,HDFC Bank,Visa,2024-04-02,2030-07-01,Blocked
CARD000128,C000071,Debit,ICICI Bank,Visa,2025-04-16,2030-08-05,Expired
CARD000129,C000072,Credit,State Bank of India,Visa,2025-04-26,2028-08-15,Blocked
CARD000130,C000073,Credit,State Bank of India,Visa,2025-06-01,2031-07-28,Active
CARD000131,C000073,Credit,State Bank of India,Visa,2025-02-26,2030-05-26,Expired
CARD000132,C000073,Debit,HDFC Bank,Visa,2024-08-30,2029-10-11,Blocked
CARD000133,C000074,Credit,Axis Bank,Visa,2025-09-26,2029-04-24,Active
CARD000134,C000074,Debit,Kotak Mahindra Bank,Visa,2025-05-11,2030-04-30,Expired
CARD000135,C000075,Credit,Axis Bank,Visa,2025-08-13,2029-10-21,Expired
CARD000136,C000075,Credit,HDFC Bank,Visa,2026-04-16,2030-04-06,Blocked
CARD000137,C000076,Credit,HDFC Bank,Visa,2026-01-03,2028-03-06,Expired
CARD000138,C000076,Credit,Kotak Mahindra Bank,Visa,2024-07-15,2030-05-05,Blocked
CARD000139,C000077,Credit,Axis Bank,Visa,2024-04-28,2029-02-02,Blocked
CARD000140,C000077,Debit,HDFC Bank,Visa,2024-09-03,2028-12-15,Expired
CARD000141,C000077,Debit,ICICI Bank,Visa,2024-07-11,2032-01-30,Blocked
CARD000142,C000078,Credit,Kotak Mahindra Bank,Visa,2024-07-28,2029-12-25,Expired
CARD000143,C000079,Debit,Kotak Mahindra Bank,Visa,2025-11-22,2031-01-25,Expired
CARD000144,C000079,Credit,Axis Bank,Visa,2026-01-09,2029-05-07,Expired
CARD000145,C000080,Credit,ICICI Bank,Visa,2024-11-06,2028-08-31,Expired
CARD000146,C000081,Credit,Kotak Mahindra Bank,Visa,2025-12-16,2030-11-06,Expired
CARD000147,C000081,Debit,Kotak Mahindra Bank,Visa,2024-05-02,2028-08-23,Expired
CARD000148,C000082,Debit,State Bank of India,Visa,2025-08-14,2030-05-21,Expired
CARD000149,C000083,Debit,Axis Bank,Visa,2025-11-24,2029-12-06,Expired
CARD000150,C000084,Credit,ICICI Bank,Visa,2024-03-04,2029-01-27,Expired
CARD000151,C000084,Debit,HDFC Bank,Visa,2026-03-12,2032-03-03,Expired
CARD000152,C000085,Credit,State Bank of India,Visa,2025-06-09,2028-03-14,Active
CARD000153,C000086,Credit,Kotak Mahindra Bank,Visa,2025-05-14,2032-08-29,Active
CARD000154,C000086,Debit,HDFC Bank,Visa,2025-08-20,2031-09-02,Blocked
CARD000155,C000086,Credit,Kotak Mahindra Bank,Visa,2026-02-26,2031-10-08,Expired
CARD000156,C000087,Debit,Kotak Mahindra Bank,Visa,2026-01-28,2028-09-02,Expired
CARD000157,C000087,Credit,HDFC Bank,Visa,2023-10-21,2031-11-26,Blocked
CARD000158,C000087,Credit,State Bank of India,Visa,2025-10-25,2028-05-30,Active
CARD000159,C000088,Credit,Kotak Mahindra Bank,Visa,2024-12-27,2028-09-05,Active
CARD000160,C000088,Debit,ICICI Bank,Visa,2026-08-08,2029-07-06,Active
CARD000161,C000088,Credit,Axis Bank,Visa,2025-09-02,2028-07-05,Blocked
CARD000162,C000089,Credit,HDFC Bank,Visa,2026-08-30,2032-05-22,Blocked
CARD000163,C000089,Debit,Axis Bank,Visa,2025-07-31,2031-11-04,Expired
CARD000164,C000090,Credit,State Bank of India,Visa,2024-05-23,2029-05-07,Expired
CARD000165,C000090,Debit,ICICI Bank,Visa,2025-04-17,2027-10-28,Active
CARD000166,C000090,Debit,State Bank of India,Visa,2024-02-12,2030-01-07,Active
CARD000167,C000091,Credit,HDFC Bank,Visa,2025-03-05,2028-02-17,Blocked
CARD000168,C000091,Credit,State Bank of India,Visa,2024-02-22,2032-06-29,Expired
CARD000169,C000091,Debit,ICICI Bank,Visa,2025-02-18,2029-05-04,Active
CARD000170,C000092,Credit,State Bank of India,Visa,2023-11-11,2030-10-18,Active
CARD000171,C000092,Debit,State Bank of India,Visa,2024-08-21,2030-07-13,Active
CARD000172,C000093,Debit,State Bank of India,Visa,2024-04-15,2031-04-16,Blocked
CARD000173,C000093,Debit,Axis Bank,Visa,2025-09-29,2028-04-07,Expired
CARD000174,C000094,Debit,Axis Bank,Visa,2023-10-25,2028-06-22,Active
CARD000175,C000094,Debit,State Bank of India,Visa,2024-09-12,2028-08-26,Blocked
CARD000176,C000095,Credit,HDFC Bank,Visa,2024-08-15,2029-07-25,Blocked
CARD000177,C000096,Debit,Kotak Mahindra Bank,Visa,2024-10-21,2028-02-16,Blocked
CARD000178,C000096,Debit,HDFC Bank,Visa,2025-06-15,2028-02-06,Blocked
CARD000179,C000096,Credit,HDFC Bank,Visa,2024-03-28,2028-08-10,Active
CARD000180,C000097,Debit,HDFC Bank,Visa,2025-01-22,2027-12-28,Expired
CARD000181,C000097,Credit,State Bank of India,Visa,2024-01-28,2032-01-12,Active
CARD000182,C000097,Debit,HDFC Bank,Visa,2026-08-11,2029-09-03,Blocked
CARD000183,C000098,Credit,HDFC Bank,Visa,2024-11-13,2030-02-17,Active
CARD000184,C000099,Credit,Kotak Mahindra Bank,Visa,2025-06-17,2029-05-07,Blocked
CARD000185,C000099,Credit,State Bank of India,Visa,2024-06-25,2030-06-30,Active
CARD000186,C000100,Credit,ICICI Bank,Visa,2025-11-09,2032-08-22,Blocked
CARD000187,C000100,Credit,Axis Bank,Visa,2025-07-06,2031-03-22,Expired
