customer_id,successful_transactions,successful_spend,average_transaction_value
C000001,2,1866.8,933.4
C000002,15,47241.61,3149.440666666667
C000003,24,104151.34,4339.639166666667
C000004,11,57610.05,5237.277272727273
C000005,26,82942.99,3190.1150000000002
C000006,7,35255.36,5036.4800000000005
C000007,2,8440.31,4220.155
C000008,12,51546.07,4295.505833333334
C000009,1,1482.67,1482.67
C000010,1,4364.45,4364.45
C000011,10,17772.760000000002,1777.2760000000003
C000014,4,20226.079999999998,5056.5199999999995
C000016,1,3485.38,3485.38
C000017,14,34459.479999999996,2461.391428571428
C000019,12,32390.53,2699.210833333333
C000020,15,25390.84,1692.7226666666668
C000021,14,39093.74,2792.41
C000022,13,33658.97,2589.1515384615386
C000023,1,2735.45,2735.45
C000024,13,34798.979999999996,2676.8446153846153
C000025,1,584.08,584.08
C000027,13,43279.14,3329.1646153846154
C000028,12,50041.229999999996,4170.1025
C000029,23,104541.97,4545.303043478261
C000030,2,5294.5599999999995,2647.2799999999997
C000031,1,5703.19,5703.19
C000032,4,22163.059999999998,5540.764999999999
C000034,12,42845.590000000004,3570.4658333333336
C000035,13,35306.63,2715.894615384615
C000036,1,7394.52,7394.52
C000037,7,21782.42,3111.7742857142853
C000038,6,30164.629999999997,5027.438333333333
C000039,8,33325.46,4165.6825
C000040,7,14623.56,2089.08
C000041,9,27451.6,3050.1777777777775
C000042,8,24263.18,3032.8975
C000043,13,57745.1,4441.930769230769
C000044,17,71095.68000000001,4182.098823529413
C000045,3,3637.2000000000003,1212.4
C000046,2,4273.9800000000005,2136.9900000000002
C000048,6,26268.79,4378.131666666667
C000049,10,49408.39,4940.839
C000050,7,16688.51,2384.0728571428567
C000051,7,21741.81,3105.9728571428573
C000052,6,24372.34,4062.056666666667
C000053,4,6037.92,1509.48
C000054,14,56492.67,4035.190714285714
C000055,2,8079.39,4039.695
C000057,2,6988.52,3494.26
C000059,16,45502.45,2843.903125
C000060,2,2715.36,1357.68
C000061,13,28687.46,2206.7276923076925
C000062,1,3485.92,3485.92
C000063,13,40931.81,3148.600769230769
C000064,7,27380.71,3911.5299999999997
C000065,1,2298.4,2298.4
C000067,11,46228.15,4202.559090909091
C000068,3,10178.2,3392.7333333333336
C000069,12,42021.59,3501.799166666666
C000070,8,22444.05,2805.50625
C000071,1,3076.96,3076.96
C000072,2,4886.24,2443.12
C000073,6,11438.4,1906.3999999999999
C000074,11,28096.620000000003,2554.238181818182
C000075,2,1529.82,764.91
C000076,6,18061.37,3010.228333333333
C000077,5,14614.720000000001,2922.9440000000004
C000078,1,1511.07,1511.07
C000079,2,6671.990000000001,3335.9950000000003
C000080,2,11977.25,5988.625
C000084,1,9415.25,9415.25
C000085,8,25365.68,3170.71
C000086,12,53769.9,4480.825
C000087,6,25307.99,4217.998333333334
C000088,14,37363.94,2668.8528571428574
C000090,21,71717.61,3415.1242857142856
C000091,11,40740.340000000004,3703.667272727273
C000092,11,49451.56,4495.596363636363
C000093,4,16143.07,4035.7675
C000094,8,22282.18,2785.2725
C000096,11,47195.4,4290.49090909091
C000097,5,8763.59,1752.718
C000098,12,44091.05,3674.254166666667
C000099,11,37146.59,3376.962727272727
C000100,3,9472.99,3157.6633333333334
