merchant_category,transaction_count,total_amount,completed_amount,failure_rate
Travel,138,705485.98,494064.54000000004,0.08695652173913043
Electronics,101,464140.7,345230.42000000004,0.039603960396039604
Fashion,70,413539.88,316251.73999999993,0.07142857142857142
Education,116,368008.84,281198.5,0.0603448275862069
Online Services,109,341826.38,222972.5,0.11926605504587157
Entertainment,57,246456.82,205423.33000000005,0.05263157894736842
Health & Wellness,95,293847.16,169370.72999999998,0.10526315789473684
Grocery,141,235668.27,155833.08,0.11347517730496454
Retail,97,159272.37,97463.31,0.09278350515463918
Restaurants,40,70042.31,44666.509999999995,0.05
