transaction_month,transaction_count,completed_amount,failure_rate
2025-04,33,62641.4,0.15151515151515152
2025-05,47,152281.97,0.06382978723404255
2025-06,54,137063.68999999997,0.05555555555555555
2025-07,54,146476.35,0.037037037037037035
2025-08,61,142552.46,0.09836065573770492
2025-09,67,200958.93000000002,0.07462686567164178
2025-10,49,120303.08,0.08163265306122448
2025-11,60,141323.45,0.05
2025-12,48,99017.95,0.041666666666666664
2026-01,61,117824.97,0.08196721311475409
2026-02,42,76873.42,0.14285714285714285
2026-03,64,128630.28,0.125
2026-04,50,132570.50999999998,0.14
2026-05,58,154368.44999999998,0.017241379310344827
2026-06,47,110672.82,0.0425531914893617
2026-07,53,130619.49,0.20754716981132076
2026-08,58,138478.15000000002,0.08620689655172414
2026-09,54,126442.37999999998,0.05555555555555555
2026-10,4,13374.91,0.0
